id	label	title
14671420	0	中国东极之城：人口仅242万的旧省会，一座拥有三机场的四线城市
14671421	0	万万不能让工人这样做包水管，我家当初不听劝，装错吃了大亏
14671422	0	美洲最有钱的9个国家，美国第1，加拿大第2，乌拉圭第7，智利第9
14671423	0	十二星座的专属定制花环，美丽的双鱼座，圣洁的处女座
14671424	1	身体很虚，气虚血虚，靠锻炼可以让身体变好吗？
14671425	0	邻居在卫生间墙面上开洞，原来好处那么多，后悔知道太晚
14671426	0	她曾在中国混得风生水起, 一句话错毁人生, 如今新剧没人看!
14671427	0	出租屋大改造，生活质量巧提高
14671428	0	八大山人遗风，取法自然的抱枕，拥抱质朴生活！
14671429	0	关于生吃白萝卜好吗，你知道多少
14671430	0	显瘦效果一流 你的大长腿需要一双过膝靴
14671431	0	恢复身体免疫力，秋冬多吃这种食物
14671432	0	父亲监工三个月，新家终于完工，做满意是餐厅的装饰设计
14671433	0	大表妹穿了堆堆袜去相亲, 一下子就被相中!
14671434	0	头一次见卫生间厨房这样装，漂亮又实用，亲戚都说之前看走眼！
14671435	0	你的微信朋友圈, 被辣眼睛的18岁刷屏了吗?
14671436	0	直击在中国打工的乌克兰女孩，月入5万想留在中国，嫁个好男人！
14671437	0	这5种火锅你都吃过了吗！听小编讲讲这些税事吧~
14671438	0	红极参炒笋片
14671439	0	舞台表演中将这个塞进bra？！这位大势女团成员的动作让粉丝都惊呆了！
14671440	0	鸡蛋南瓜馅的大包子，美味杠杠滴！
14671441	0	那个穿连衣裙的女人, 一看就不正经
14671442	0	看起来好嫩好嫩的西葫芦鸡蛋饼快做起来
14671443	0	925银990银, 哪个是最好的选择?
14671444	0	杨幂还原《三生三世十里桃花》场景，张杰演唱主题曲《三生三世
14671445	0	长沙五个小区客厅装修效果图 91-166平米房屋设计
14671446	0	官方出周边却遭粉丝抵制！经纪公司回应称……
14671447	0	今年流行最洋气的蕾丝衫, 难怪表姐都都不买毛衣了, 怎么搭都超美
14671448	0	建设路又火了，这次是因为一座巨型土豆山，排队1小时才买得到
14671449	0	为什么广告里的食物永远看起来那么诱人？知道真相后肯定瞬间想吐～
14671450	0	冬季皮草大比拼，戚薇像贵妇，刘嘉玲像土豪！
14671451	0	120m2现代美式，优雅高档，华丽时尚，这才是真正的美式！
14671452	0	徐璐愣是将一身黑穿出高级感, 网友: 新发型真丑, 显老了好几岁
14671453	0	如何挑选一支适合自己的口红？新的一年必备的口红颜色！
14671454	0	遇见西伯利亚的深秋：胶片篇（feat.视频）
14671455	0	邓紫棋不穿皮裤了, 你能想到她有多美吗?
14671456	0	杜鹃垮掉的发型高级脸也救不回来!
14671457	0	【图】巧用压缩面膜收缩毛孔 打造瓷肌光泽肌肤
14671458	0	SBS演技大赏红毯众星闪耀 谁的造型是你的PICK？
14671459	0	劳力士经典蚝式表壳设计都有哪些特点?为何能够传承这么多年?
14671460	0	100平，美式混搭风
14671461	0	粉底液、粉底霜、粉底膏、粉饼用起来有什么不同?
14671462	0	妹子，你的节操出来了，赶紧弄一下
14671463	0	张柏芝5张照片看哭网友，网友质问谢霆锋人在哪里？
14671464	0	心疼唐嫣一分钟，别人都在跨年的时候，她还窝在小屋！
14671465	0	探探爆料：当红女星F曾经在家流产大出血
14671466	0	没想到今年最后一个爆料是他们，看了贾乃亮的回应大家都这么说
14671467	0	冬季光腿神器丨假透肉也可以很高级
14671468	0	黄晓明18岁照片曝光，青青涩涩堪比林志颖
14671469	0	关晓彤在鹿晗家过夜后，身穿黑色羽绒服首现身，网友：面部好憔悴
14671470	0	奇葩买家秀|60多块钱穿个样式
14671471	0	真·德艺双馨：世上第一位跨界情色模特
14671472	0	爸偷情被妈发现,妈喊我去捉人,撞开门见到女人,我和妈都傻眼了
14671473	0	内涵段子：我打人是我的不对，可是你还手就是你的不是了！
14671474	0	杨幂张杰东方卫视献唱三生三世 杨幂这身衣服好仙呀 现场惊喜
14671475	0	肉馅其实很简单，不用剁不用搅，几分钟就好了！
14671476	0	看了能让你开怀一整天的十张图
14671477	0	谢娜重登舞台，竟然是坐“轮椅”上来的，全场震惊
14671478	0	28岁农民工北漂还债, 身体发恶臭患肝癌, 医生: 2个习惯
14671479	0	白娘子唐僧合唱上海滩版打工难，听哭千万人!
14671480	0	梧桐.一财独家丨记者直击国内首个民资控股高铁开工:铁路盈利模式仍待探索
14671481	0	超清晰还原港珠澳大桥海底隧道铺设
14671482	0	我的世界动画短片-如果村民可以反击
14671483	0	大鹏岳云鹏和乔杉一起用心唱一首歌，唱出了古力娜扎的心声，好听
14671484	0	老梁：穷山恶水出刁民，背后的玄机
14671485	0	工地实拍:蓝色的卡特挖掘机装车过程
14671486	0	奥沙利文最敬仰的斯诺克传奇选手 那年他已经能够打败偶像了
14671487	0	如果世界只剩下这个女人，你会要吗？
14671488	0	迷你世界：迷你世界要被下架了吗？
14671489	0	唐僧元旦不发年终奖，孙悟空要带头辞职！
14671490	0	福原爱童年珍贵视频 爱酱打球萌萌哒 特别关注
14671491	0	当年周华健在录音棚录唱神曲《难念的经》，经典
14671492	0	美国最怕中国这武器，能让世界倒退两百年，中国已经研究近百枚
14671493	0	关晓彤与迪丽热巴撞衫，颜值爆炸，网友直呼:难怪鹿晗会选她
14671494	0	《我的世界》如何让憨豆出现在游戏中?
14671495	0	此歌1亿人设成手机铃声，太好听了！
14671496	0	无论多严重的咳嗽，把它剪开锅中煮，喝一个好一个
14671497	0	我是特种兵：鸵鸟最太灵，要擦老炮就有老炮，太搞笑了
14671498	0	LOL大司马：残血武器反杀满血菊花信，马老师死于走位
14671499	0	这小奶猫好呆萌呆萌的
14671500	0	火星出现火星人
14671501	0	一起重温当年经典！女声深情翻唱梅艳芳《夕阳之歌》回忆满满
14671502	0	别人跨年她却站在楼顶轻生，消防一个箭步将其抱下
14671503	0	儿媳怀孕，算命先生说怀的是女儿，婆婆回家对儿媳下毒手！
14671504	0	北海道戚风
14671505	0	葱香薄饼
14671506	0	用嗓子捧红了一支乐队，巅峰时期却选择单飞，如今常被认作他人！
14671507	0	假期临近，那些生活在城市里的宝宝，快要回老家住平房咯！
14671508	0	他说，会像爱自己的孩子一样爱我和我的孩子，想不到他真的做到了
14671509	0	宝宝一起玩，家长认为自家宝宝吃亏了，应该掺和其中吗？
14671510	0	家庭版—清汤牛肉面
14671511	0	他曾与徐克联合执导有史以来有最多导演客串的香港电影
14671512	0	爱，就马上行动的星座
14671513	0	老公看到装修师傅把家里装成这样，气的回头就扇了一巴掌
14671514	0	张丹峰与洪欣携手登央视跨年，挽手合照超甜蜜
14671515	0	朗斯淋浴房 这次跨年我们玩点儿不一样的
14671516	0	宋吉吉在监狱里终于道出了实情，事情总算有结果了
14671517	0	十二生肖中，对爱情三心二意的生肖女
14671518	0	老婆得病住院，我跟情人在外面潇洒，妈打来一电话，我咒老婆早死
13819587	1	正常人的耳朵里，真的会有那么大的耳屎吗？看完我被吓到了
13835068	1	巨蟒蜕皮的被人打搅，发怒了将其活吞！太可怕了
14070448	1	孕妇天天吃“这东西”，没想到孩子6个月却胎死腹中！一家人痛哭
14172710	1	生儿子的秘诀！五大生男孩的科学方法，男孩是这样怀的
14356688	1	19岁女孩面部不断鼓起“脓包”男友弃她而去，下一秒后悔撞墙！
14359489	1	史上最欠揍的人，搞笑视频，在吃饭千万不要看
14417728	1	“寄生虫”入体？男子手掌“爬出”数条大虫子，真相让你难以接受
14734933	1	手掌中“爬”出小虫子，难道是“寄生虫”入体？真相让你接受不了
14880920	1	我爸逼我娶了一个又老又丑的农村女人，新婚之夜过后我却如是珍宝
14951365	1	两岁宝宝肠坏死，竟是因为吃了这种水果所致，宝妈们千万要注意了
14957695	1	大姐街头卖这个小吃, 上面爬满了蜜蜂, 8元一个
14963363	1	2岁孩子嘴巴变成马蜂窝，因奶奶经常买这种零食给她当饭吃
14986418	1	宝妈这样冲奶粉，竟导致孩子小肠坏死被迫切除
14989945	1	大猪蹄 大海螺，胖哥吃的真得劲，嘎嘎香啊
14991472	1	男童犯错，老人将男童装袋殴打，男童却笑了，妈妈解开后顿时傻眼
14991475	1	两岁宝宝肠坏死，竟是因为吃了这种水果所致，宝妈们千万要注意了
15001017	1	6岁儿童被巨蟒吞进肚子，村民愤怒剖开巨蟒肚子后，村民欣慰笑了
15001051	1	女婴生日会, 怪亲戚强抱着她使劲亲, 亲完后女孩浑身是血
13193481	1	第一次看这种方法清理黑头粉刺，简直爽炸了！
